"","rotation.PC1","rotation.PC2","rotation.PC3","rotation.PC4","rotation.PC5","rotation.PC6","rotation.PC7","rotation.PC8","rotation.PC9","rotation.PC10","rotation.PC11","rotation.PC12","rotation.PC13","rotation.PC14","rotation.PC15","rotation.PC16","rotation.PC17","rotation.PC18","rotation.PC19","rotation.PC20","rotation.PC21","rotation.PC22","rotation.PC23","rotation.PC24","rotation.PC25","rotation.PC26","rotation.PC27","rotation.PC28","rotation.PC29","rotation.PC30","rotation.PC31","rotation.PC32","rotation.PC33","rotation.PC34","rotation.PC35","rotation.PC36","rotation.PC37","rotation.PC38","rotation.PC39","rotation.PC40","rotation.PC41","rotation.PC42","rotation.PC43","rotation.PC44","rotation.PC45","rotation.PC46","rotation.PC47","rotation.PC48","rotation.PC49","rotation.PC50","rotation.PC51"
"Time",0.0100752653860491,0.547188890536031,0.00833346106068327,-0.0560367947683817,0.0105398658945789,-0.00311783718061052,0.0142854443362898,-0.043095634976346,0.0513136940306919,-0.0374062272847505,0.00218503491460486,0.000256173292888872,0.0760144817795967,-0.00806187083207536,-0.0212453501798278,-0.0582379745640016,0.0336664400725657,0.000317168614906144,0.00389474233424538,0.000618089129575522,9.77501699155171e-05,0.00142928785317397,0.0156395351703925,0.0111372826555451,0.000998956488133603,0.00980259391702916,-0.0239193358488188,0.00620340262387301,0.0110372333960233,-0.0192809421461885,-0.009190263159643,0.00987440376581031,0.00386620113507541,0.00595890145040907,-0.00887886170687669,-0.0241394942765814,0.0167734328681918,0.270529346983381,-0.0283297197356804,0.03651475892131,0.00739746516219688,-0.0494397318796827,-0.00139157854143647,0.0161878121054508,0.0157067435492416,-0.0190244727881384,0.0817999622285323,-0.769471562700893,-6.98763548113673e-13,-1.06649055812346e-14,-9.23332906158617e-15
"GENDER",-0.0263450224173079,0.0210373360033645,0.153238071315637,0.264187863342313,-0.280620089219616,0.0406959488974285,-0.245081666161809,-0.0788343612008712,-0.154233216852918,-0.169126631889324,-0.233236797599774,0.0414754622996983,0.0965888450815741,0.000719241082527345,0.121619581624606,-0.00168751312602267,-0.0122157972621022,0.0134565497135182,0.0100530213599639,-0.0548593930345756,0.00824327386374423,-0.00168397544870626,0.00192381189136563,-0.0131859662490988,-0.0238739035534746,-0.0327736110310873,-0.0204108143907537,0.192938162071716,0.166627088975686,0.409689665065899,0.0932078378047873,0.557421155593106,0.153602646889544,-0.0513278393652643,0.0353683452791391,-0.162125563451209,0.0560204660778607,0.0199503197879934,-0.00612768810723367,0.0210891880852342,0.0220808316209762,0.0168241100227206,0.0763673344617534,0.0419779779660504,0.0419333194445544,-0.0155579517748172,-0.00208971273378292,0.0111222613534623,1.11831637268077e-14,-2.31426079942375e-14,-6.27247317475761e-15
"AGE",0.17248105855416,-0.0427076877628864,0.0277751874407361,-0.230260057602228,-0.440158135521772,0.0943208182800354,0.110443332711317,-0.0522056972717232,0.133812793403674,0.0218856794887158,-0.0741943244754734,0.143809963342387,-0.06962227538259,0.0228053576083306,-0.053719222218648,-0.0184317796720069,0.0124375360226798,0.00270803446682024,-0.00585012603587375,-0.030051012848344,-0.0305270105700677,-0.00116209737971278,0.0196789110985676,0.0120083896796647,0.00332963290325002,0.0659729356483065,-0.0545007845515639,0.0360957416880006,-0.132307047255675,0.0194098690781169,0.0299072793860698,0.0529410491641101,-0.148730098584974,0.00531433489113237,-0.0439882445525706,0.0324032761620862,-0.0158636472404564,0.0290434620737282,-0.0288207265747578,-0.509597749518261,-0.230718908153241,-0.504905646500112,-0.0702185931781025,0.0585713300189287,0.0832865518732686,-0.026637514660328,-0.00936120005524376,0.011280283990006,3.44261177756011e-14,-2.19098801982498e-14,2.53352258578156e-15
"LIST_OWN",-0.135139485278273,0.025092570199821,0.115649641929319,0.088225544014036,-0.0231970303712134,0.0179340873355782,0.104132996382294,0.0606968780816939,0.0718224638539028,0.367681125235992,-0.223941385835979,-0.2214010837536,0.125168735034511,-0.187160250093657,-0.172112548057672,0.0253833026814101,-0.0173934395065028,-0.0506501121467635,0.0445778384244755,0.0113178109146993,-0.0089097234010448,0.0185270094676317,-0.0226747188629669,-0.0207018845799546,0.0451878642072444,-0.130220557983142,0.117534104831855,-0.0448979031598787,0.202712272764502,0.00959666851495647,0.206004632551823,0.0206390917627065,-0.414422807406431,-0.565117520478045,-0.0537741083636806,0.0201943333518902,-0.054378070254255,-0.00324121701608171,-0.0246114578258516,0.0164549257431543,0.0131160732368347,-0.016133502307758,-0.00443113731178716,-0.00927781655360919,0.00695435532974314,-0.000601961466716212,-0.00464156847386503,-0.000480960934860553,-1.38435317486078e-15,-3.93720437301387e-15,-3.41940060943576e-15
"LIST_BACK",-0.0514080146622802,0.0152314998618091,-0.00604131063343104,-0.0997660188605263,-0.14498949120175,0.0469246876064256,0.0325071695998413,0.0554047935540729,-0.102588430014994,0.505658078986802,-0.289447350175569,-0.299558842490941,0.157639815671287,-0.203687914068563,-0.210148634267802,-0.00859272415163062,0.00254292340965408,0.0273084332984209,0.0895301067508305,0.00162427990185666,-0.0256125120017024,0.0262192923367306,0.0130734561680601,-0.00172595419063856,0.0988601803636927,-0.0752144566102448,0.0487865843410571,0.0739541493863736,-0.255792834810028,0.0965515813680232,-0.0513809472649255,-0.0362960010188324,0.399461787819847,0.363248841188639,0.014936491295918,0.0499080975340563,-0.0075832291922313,-0.00135330874876516,0.0103813074683506,0.0488026106837272,-0.00393205819388053,6.25778127242155e-05,-0.00626010263124786,-0.00356040198601546,-0.0146343963241657,0.0106371594682243,-0.00502262801474117,0.000843951310695201,-1.12042251351622e-15,1.91971239227999e-15,1.4790612670002e-15
"Q1",-0.277378144441637,-0.0188200125661046,0.134535539950629,0.0329289800900658,-0.0650804096827107,0.0223046689309712,-0.0137592782834617,0.0025790848402422,0.102201151935538,-0.0413676513657715,0.0354552739370821,-0.00527883331449746,-0.0672740085078786,0.0374513047722933,0.0165511016875388,-0.00479027697664697,0.036860523742603,-0.0159936800787141,-0.0103368753480059,8.03812766037052e-05,-0.0059966561175162,-0.00748421802348537,0.00837884499217018,0.0191287741254791,-0.00132992082737156,0.0477687498182053,-0.0781791280916223,0.0561105437794719,-0.0460080637428143,-0.129485192458585,0.00676723128608562,0.0157094053660146,0.200581768219331,-0.154478166264654,-0.00922067335593087,0.122838308786239,0.0461113366451086,-0.00300509306535846,-0.0543294667549604,0.26946971031544,-0.55484366131144,-0.059651151688364,-0.0577567117874883,-0.0459655199132234,0.15032370882342,0.568162017078315,0.163380221905568,0.00546225962768361,-3.10475679775793e-15,-1.9914511082909e-15,-3.21133011817319e-15
"Q2",-0.234240358294803,-0.0149856328660364,0.137089343915947,-0.0781150794505622,0.0087455106762041,-0.00984039926030696,0.0360818551501659,-0.0154391584491784,-0.00143064536796672,-0.042271890123184,-0.0754975776771943,0.0806115849736931,-0.0662273258117296,0.00925322771877142,0.0130251740701835,-0.00416921960747693,0.0281023627267495,-0.0154915794750372,0.0247269641640936,-0.0114736145644871,0.000297785144951497,-0.0191508257281824,0.0260121553403843,0.0151199502220021,-0.00643943304873602,0.0643058951156676,-0.168422225713763,0.186937410395958,-0.0066889721970611,-0.193521313312764,0.00524799073947847,-0.0329960940313862,0.411730006268838,-0.344994205205203,-0.0201661309511939,0.337725516932806,0.114160539130912,0.0705143329277908,-0.0908907639119406,-0.354340222041392,0.465002213008078,0.081949179349125,0.0349375538760283,0.0694642152476385,-0.0285130973080658,0.0764560031741891,0.00140127780948926,0.00522988398179567,-2.67366318283287e-15,-1.01725305341632e-16,-3.22802835358897e-17
"Q3",-0.288511956415719,-0.0179312435173321,0.131645639799901,0.00279704667779729,-0.0439668999065654,0.0179212581549034,0.000614000826750574,0.00678302251144478,0.0909463815850929,-0.0411522824431807,0.022364377714607,-0.0169211914295081,-0.0371922152058866,0.0354758942577712,-0.00415275191274122,-0.0115566002375384,0.0275352246713245,0.000138050971021395,-0.000536151832154779,-0.0089413675854324,-0.010873328568848,-0.0109364951305803,0.0041482338083996,0.0111856536924466,0.00438004613849768,0.0266453738060652,-0.0328541270685264,0.0426916092579136,0.0224879265812237,-0.142389720139018,-0.0747835421758622,0.0331969544351416,0.168086214513759,-0.102452811617398,-0.0270292248055316,0.1459923196217,0.0679464167139945,-0.00415917939190735,0.0111165768959059,0.152931908175264,-0.38728964050214,-0.0108724298975636,-0.0350052492139664,0.0371614936463236,-0.0939692532862673,-0.763538439100864,-0.132108690306623,0.000442068757342401,1.67090809468451e-15,3.15752232450374e-15,3.45401873414417e-15
"Q4",-0.130899188870573,-0.00403540487168341,-0.322603506209731,0.107892400117793,-0.138108930611091,0.0754002956371188,-0.120422587222984,0.00919859397087958,0.21392933993739,-0.143604780467721,0.144152805469665,-0.34260591697111,0.0128300661244543,-0.00508948206633725,-0.00674880148906165,-0.00285167155180735,0.00727366386113085,0.00338979746696948,-0.0316487604861144,-0.00780862209989585,-0.0253354998734158,0.00495180316538309,-0.0406229752412194,0.0244691930467391,-0.00620961972476952,-0.0764934830413871,0.120248220214261,-0.138324107381243,-0.0464603412651736,0.0239715990335612,-0.20341852324323,0.0651270544470491,0.092635842860151,-0.139418611730535,-0.109762184136735,0.0492819297037294,0.095750200280679,0.0308644306036785,0.66066242153122,-0.052755138140103,0.113046782265034,-0.15263141098344,0.00864175650524051,0.0115010283273801,0.00475340241886107,0.0535032314299099,0.00646007211773011,-0.0059686030113906,-4.07205644127156e-16,6.43590928495958e-16,6.16419853196408e-16
"Q5",-0.0770405344254295,-0.00166888186562937,-0.37532435441307,0.162932671995612,-0.223806216063385,0.073565613543178,-0.0778341489435961,0.0168524010215525,0.245159559292023,-0.114626830136305,0.143993197830195,-0.274179908424752,0.0118332905838709,-0.0245227716625018,-0.0147213177228479,-0.0127259100729781,-0.00788000837376808,-0.00407448001559339,-0.0380793877295226,0.00437493129049509,-0.0183143038853467,0.0134185660434728,-0.0360799659109722,0.015783759457854,0.0139804345250831,-0.0607504250108466,0.104886041215617,-0.0901623919883931,-0.0716457106105198,-0.0187381500823913,-0.183644445180454,0.145470622090828,-0.0427898762882243,0.0181375645851928,-0.00940142817309639,0.143595167592353,-0.141203874031069,0.00166727163343384,-0.658900894034803,-0.0753245776782375,0.0421093772057129,0.14638297838632,0.0112343386749955,-0.0297379508291724,0.0194858037788082,-0.0130814886974567,0.0105378473647879,0.00481356658901697,-7.82109162068068e-16,-2.61177222173573e-16,6.76709560401318e-16
"Q6",0.0186614520164836,0.00569695853859619,-0.265339365915905,0.303852847637528,0.024824850118889,-0.00215946839789852,0.0299205101309084,0.0290647726158427,0.0405733688006089,0.0238431620597694,-0.194596317421917,0.175946162272681,0.0348536325077157,-0.0499638486764639,-0.021195910921857,-0.0343661211980085,-0.0543299929998337,-0.0272556108744795,0.0609493785355133,-0.049547851318024,-0.0443779000780878,-0.0294719020865863,-0.00328670069103858,-0.00450907870051909,0.00594429116659862,0.0278548325852422,0.0881458887517774,0.626148419499975,-0.149421206422571,-0.326159813442576,-0.216531905136729,-0.0216451741014066,-0.143880017717672,-0.0424023056441342,0.320349648134287,-0.131756305793316,-0.0869092324189045,-0.000905826352054374,0.116149677709457,-0.0282453950573834,-0.0513800117157075,0.0257928715811249,-0.0097849114480101,-0.0265628357917845,-0.00469534236828922,-0.00279774113675502,4.21771836810469e-05,-0.0156865303119279,4.86556302948972e-15,1.09210502638919e-15,8.40431063992072e-16
"Q7",-0.138283560411471,0.0332608335414902,-0.392237344538344,0.118577165983646,0.0244707166628234,-0.00628178478913385,0.0868058138472623,0.018119842410759,-0.0881327049390377,0.217344727049094,-0.0995325983015263,0.246718223077153,-0.0372849662727216,0.0385682105471412,0.00166852512634464,0.0235056553584314,0.0203805204844261,0.0268022168183167,0.0429895776992226,0.0426357302439809,0.0372159355709453,0.0271412329701753,0.0797642903720551,-0.034841515735045,0.0508192322480561,0.111699747166477,-0.199424198146078,-0.217305835357263,0.19148415463965,-0.0597597302812877,0.00346740315097342,0.0469784768372414,0.0699731680082535,0.0146033225495713,-0.119386244277507,-0.0478959389465684,-0.0283584880635006,0.0248570573161462,0.0157548469253333,-0.0896172503796802,-0.15135222691655,-0.0340354583636964,0.671884521528188,0.055027730503658,-0.0665525775276145,0.0224217849079058,-0.0175889164013563,0.00395299302865962,-3.36731868951452e-15,7.77285120784576e-17,-1.04478656827727e-15
"Q8",-0.148213362124564,0.0335026366734702,-0.36901742578906,0.183976962704818,-0.0150776315305275,-0.0133838704055656,0.0529633515592114,0.0139881714188094,-0.114260440628479,0.201595528957567,-0.079730690597268,0.252974460845172,-0.0224772819913528,0.0518569891967574,0.0178296910232021,0.0249218335142857,0.027048359050045,0.0298354950062458,0.0441213534423713,0.0330836520792917,0.039511539934277,0.0299707828496735,0.0794208025763093,-0.0292601166266529,0.03357665441885,0.126240196247431,-0.203059051558782,-0.185229690272539,0.181016624334855,-0.00149149934877812,0.042617001448412,0.089324868251581,0.0677533018110679,0.023118408754898,-0.108948850949428,-0.0171004178669928,-0.0102066520436899,-0.0063116644368057,0.0141809523128092,0.00890179751197492,0.058533132721628,-0.0299027686043886,-0.704566174731291,-0.0590311699961205,0.0585913875197063,-0.0216723409915983,-0.00223525117474133,-0.00194628617290133,-8.59327680114533e-17,7.96536605806224e-16,2.15206286076497e-16
"Q9",0.134040815331513,-0.0103782413166022,-0.208574531454297,0.103127164989032,-0.264929239681843,0.0684306809756494,0.0267944469854087,-0.0200360983888995,0.169072637769256,-0.0692003726242291,0.0752653997172644,-0.0337192527692721,0.0181259933414663,-0.0170802494887309,0.0540530503458123,-0.0200942791853559,-0.030500825924705,-0.0325189909185864,-0.00467324166575129,-0.00559202109050128,-0.0101037729911105,-0.0100739885707391,-0.0423953147167048,-0.0262397002905936,0.0178847150580444,-0.0559366162935704,0.135596629391524,0.224613792409675,0.250333573140091,-0.087430735899453,0.638455371647095,-0.347319474127839,0.190439871480984,0.0954110907114235,-0.0934922553142155,-0.0496031766715859,0.248180659402493,-0.0141245489266387,-0.0314370476945195,0.0980777536850575,0.0160791173101578,0.00953260550770094,0.0240638967891433,-0.00479099944399924,-0.014004830154907,-0.0410913395269934,0.0168056664915037,-0.000372592977399118,-1.62088240957964e-15,-3.73484022960352e-16,-6.23231913924825e-16
"Q10",-0.217197097979538,-0.0220149415524759,0.140907725481533,-0.0890220671086509,-0.207127078788483,0.0487249975758976,0.0553751542206499,-0.0192200237938902,0.105632759061986,-0.0323866793914707,0.0363682567466086,0.0374052702974217,-0.0103269694160141,0.0166290732345921,0.0260399262625352,-0.00403635444270684,-0.0149975931729197,-0.0257892380819444,-0.0107703600427678,0.0163790318439416,-0.0180740671903748,0.0139024760157288,-0.00762491979223306,-0.0225330338419538,0.0117971579725356,-0.018036374891261,0.0243354666239332,0.0418586792065421,0.28308728428462,-0.112233190981814,0.149504738869618,0.0706955871350162,-0.0850911980260308,0.308775771837321,0.062583787737345,0.218629274904893,-0.669642669822438,0.109677650835259,0.240497071717949,-0.0587955518848955,0.0350294088995311,0.234256406448174,-0.00179769560592931,-0.000727014477067855,-0.0183567062264744,0.0418657756441516,0.0169856975380529,-0.00772793258246955,-2.45700109039515e-15,-9.65642911016973e-16,-1.16464111521288e-15
"Q11",-0.150957076892226,-0.0313156666225236,-0.249809236928981,-0.412497969212615,0.0824910084522858,-0.0179713274214737,0.116051245108573,-0.0494129877690067,-0.170554488010994,-0.120370998254926,-0.0852962902969768,0.109436174427693,0.126351228895544,-0.0676940991977628,0.040621404846954,0.00166774966292421,-0.0704691797154808,0.021486668934622,-0.00179858467841287,-0.0458421770342446,-0.0139166475259361,-0.0416418552345133,-0.0493872372492505,0.000213657128207612,-0.0801267587499119,-0.142907468430979,0.23247363423424,0.00586765029702432,-0.0205851314492735,-0.0422874270611038,0.0890654631564421,0.156956540572354,0.00180951214659843,-0.0328939651561158,0.0374716012473174,0.0595942138290814,0.0642146347161011,0.00571805876581905,0.0131905549367783,0.0413715588967499,0.0176923967446767,0.0492402446977237,0.0730965037701423,-0.259818383708216,0.638918487495161,-0.108732456449588,0.00952149627282134,0.0143305786426654,6.25176275944644e-15,1.89778475984685e-16,5.49004363119501e-16
"Q12",-0.169696650105901,-0.030298626662987,-0.241873964942899,-0.386322308141134,0.0275632360077421,-0.0108242136046788,0.0957544369754087,-0.0517485979123853,-0.147902299062121,-0.120051648191681,-0.0588287420249486,0.116717483793237,0.135364007893096,-0.0615840550087808,0.0434034767919058,0.00351803027162591,-0.0539873561388503,0.0172748946217489,-0.00837819924126462,-0.0640563301084397,-0.0017822257175859,-0.0403473968707785,-0.0492140808198878,-0.00619865736696396,-0.0734741700441993,-0.130844651889996,0.254197072644587,0.0224751516201976,0.00271232769603875,-0.00139958142880114,0.0660019369421989,0.194485729118435,-0.0562040632531029,-0.0148929232893527,0.0745721079475111,0.090924645005851,0.104991426088393,-0.0210179447540292,-0.0385677331682804,0.0842429132716049,-0.0650645679159246,-0.0545366896321052,-0.0926981131882821,0.232161378240138,-0.636186057213805,0.139116916206184,-0.00199669336914987,-0.00857538739752266,-3.43498793443236e-15,-1.8673520778716e-16,5.30419943398106e-16
"Q13",-0.257315012214865,0.0116431410097842,-0.0389756844198088,0.0004690480831377,0.0269554712510354,-0.0216681920074176,-0.0407871605078204,-0.0252034357892799,-0.0588252802960853,-0.06605598432719,-0.067507910270401,0.0393745591561486,0.0373543911242665,0.00402423054755045,-0.0107276708597864,0.00585019664860389,-0.0268006396985184,-0.00412546377266554,0.0050316768287689,-0.0348526820240204,-0.00728181242505205,-0.00095673573943496,-0.0192185126770547,-0.00244987130787269,-0.0129203488105615,-0.0335103486184321,0.0743799247847075,0.178298272245293,0.146616004277092,0.315448816541089,-0.228440036471953,-0.38489930688871,-0.129228572868965,0.0888100915331812,-0.213453347615886,0.0123330519775324,0.0223704495925178,0.00680146476965597,-0.0479110526273383,-0.048457468557396,-0.0421821339945013,0.0451914656013745,-0.0385179437765876,0.632437821351364,0.263429957829076,0.0185872685018967,-0.00328316030365541,0.0163325420155539,-6.57815799031824e-16,6.38991714972428e-16,-2.09550248257378e-16
"Q14",-0.26287133546024,-0.00907375642233201,0.0280115658839991,-0.0281982244198802,-0.00677119103464921,-0.00464595162898479,-0.0496068354470087,-0.0311275971666142,-0.0223191544642733,-0.0954635833898332,-0.0955839524824148,0.0457234693128291,0.0187100738012368,-0.0076067541041881,-0.00125666332087734,0.00218231394055368,-0.0173916576312308,-0.0134700167470888,0.00446351098602123,-0.0352663571393994,-0.0105137027793118,-0.00151835641738664,-0.00490002117485418,0.000200363296440506,-0.0203668687356592,-0.0234731703277128,0.0279833053514726,0.189040447326441,0.151615057096672,0.294035994366668,-0.21444094975847,-0.306695027604265,-0.0784452932059519,0.0667234018890507,-0.267972406049046,-0.0309512996152625,0.0280830621137149,0.0242827681649197,-0.0495741063063703,-0.124567433652173,-0.0263295476467188,-0.0626950616853658,0.0201146290950774,-0.669356008262557,-0.240001853261323,0.0358284622746257,-0.0245018257497911,-0.0186907515994643,-1.18520637805283e-15,5.20526536483931e-16,2.32880233784522e-16
"Q15",-0.275282084288828,0.00616482822745149,0.053720482225164,0.073907931646651,-0.0758320816238449,0.0070919039255764,0.0303742216354391,0.0211243024205614,0.0385179610966066,0.00944531996315862,0.0487830140911582,0.0752067909597539,-0.0563380486431037,0.0459634856626392,0.00294777400356604,-0.0180856263741726,-0.0114581513292325,0.0149067459536313,-0.0111887488661635,0.000613359370349673,-0.0025030058129702,-0.00176424726584164,0.0224321517370747,-0.00387353576504383,0.0203296894662347,0.0625081896800278,-0.0273189824957129,0.00186127838076608,-0.0168919543872372,0.0477758232740959,0.0150945992680093,-0.0469190257563032,-0.101034574030511,0.116128217390815,0.233248300959042,0.116775362820687,-0.0551926852781175,-0.0940180029543863,-0.107290776885983,0.446638969866351,0.40055288037865,-0.623716680319083,0.113283311554279,-0.00284017186550622,0.0471926353961174,-0.0345646861921683,0.0369421443374827,0.0254458769201638,-3.57760384783469e-15,-2.26533827102228e-15,-3.20672220627712e-15
"Q16",-0.225167950920286,0.0601709240394177,-0.0453834509940654,0.0225383684383865,-0.0913412241813912,0.00697566110084363,0.0187050352158513,0.0185528440010006,0.0355094294817996,0.0299511694021707,0.0582879867912972,0.0215272048133625,-0.078662616705685,0.0195208501675156,-0.0058955711722567,0.00752844570105471,0.00129928108070532,-0.00638006708107631,-0.0411472949472149,-0.0153573198015044,0.0357115166187832,-0.00532486966849114,-0.00323102173122651,-0.00780515363868507,0.00196949489695561,0.0494861049641289,-0.0271741695177204,-0.208603630470982,-0.0500357909598724,0.347216066148851,0.105466123165418,-0.223225406435094,-0.0173787507524435,-0.0435059736266641,0.740890746530363,-0.000161164510020878,0.156354047402252,-0.0332540929999736,0.0577266002261245,-0.222678897834936,-0.103028062125757,0.207399323692994,-0.00833866603053757,-0.0530639741774852,-0.00478744690017811,-0.0103053848735052,-0.00707250129624315,-0.031613939127896,-2.56593278898521e-17,-1.23442200736163e-15,-3.16382467637199e-16
"Q17",-0.230083636058549,-0.0205960783824961,-0.0524187438443244,-0.170253157663645,-0.013629846529534,-0.00346653705307087,-0.00529607455041992,-8.47369016652444e-05,0.0414688207059809,-0.0906564154081591,0.0259645132414982,-0.0400378527398152,-0.0344706134808781,-0.0237776040967768,0.0264546848584154,0.00770638651468187,0.0343963690064485,-0.0199587828315767,-0.0310843883211764,-0.00882394654773134,0.0146622407288178,-0.0178770938157091,-0.0076550116826541,0.0210361183247916,-0.0229419608878853,0.0270530344660699,-0.0371878549046173,-0.0269624555719012,-0.242852144808975,0.0118599043695033,0.138202735688538,-0.121800773906177,0.238308564739607,-0.246505867849097,-0.0522598853548185,-0.696108240051901,-0.412679531547408,-0.0147620839255099,-0.0686011015472887,0.00401933874177135,0.0592192498947169,-0.0539892131558461,-0.0251553714624719,0.054774595483687,-0.0310039435421694,-0.0239047357779945,-0.0904300919209193,-0.00178136047228795,-1.895641736505e-15,3.5047530719053e-16,5.42647589584215e-16
"Q18",-0.273608468284392,0.0170184469773822,0.0163371119351426,0.0654807549286468,0.0170742716609928,-0.00526402820191357,-0.0175362263577523,0.00728112134016254,-0.00314614713199529,-0.000531166017986001,0.0333880621183687,0.0121984495305869,-0.0510028624822749,0.00535221622917831,-0.0197104506498006,-0.0283640474444795,0.0213396505301914,0.00102343605288173,-0.00821459546509277,-0.0064715878645631,0.00448103684275976,0.0156329811138994,0.00916372698537953,0.0160096667523389,0.0201281114332565,0.0496389759256552,-0.101539119047394,0.0440648438026248,-0.384367331351873,-0.000331381192631625,0.234690049482776,0.100808110458744,-0.255615640391813,0.141765794329757,-0.196015564621591,-0.0509684788213373,0.129015791244597,0.00352739814746117,0.0524187462025976,-0.0916332532465357,0.0593139648605508,0.145319769450588,0.0295982703513603,0.00879177840434064,-0.0490371159258374,-0.142577328465403,0.691376852748121,0.0682869378152337,2.83808045153152e-15,-1.8202998763824e-16,-3.53922459970614e-16
"Q19",-0.267987590195961,0.0173048724619724,0.0330667081364459,0.101623770050579,0.00664625929556115,-0.00254264141846437,-0.017856333509127,0.0121826545357343,0.0198106450108061,-0.0102114308641875,0.0488401524111882,0.010819828893058,-0.05681279517157,0.0150545274879831,-0.0174275818607891,-0.0306665029635916,0.0176530231674783,-0.00548649638006157,-0.0075402192064878,0.00630391275227847,0.00240791023731976,0.0170384427043682,0.0136273834083276,0.0151543369900925,0.0170069452355425,0.0459996764188351,-0.0951792900274164,0.0552979021870356,-0.372733677846998,-0.0265917696239611,0.261383753446603,0.12776098308577,-0.273049068312233,0.178029966373934,-0.174924625328675,0.0558506064915658,0.17093870724619,0.000216742563623695,0.0412218027385288,-0.0230123805484556,0.0310955520513735,0.11867111598853,0.0207541880312099,0.00205870710322026,0.0331065399033744,0.136474025979729,-0.674579524543036,-0.0813159441559063,2.61651442022169e-15,-7.06929608197491e-16,-3.93252449642897e-16
"WORKING.",-0.00923729830307597,-0.541574871882439,0.00412912143300261,0.0557546814716234,-0.00789722652860196,-0.00813792548625098,0.0531337145724866,0.00597676942773736,-0.0434177515593014,-0.0442101032708182,0.0228893798979535,-0.0123503187165955,0.123925670617132,0.0282338492220338,-0.0747623749995241,-0.012489044189919,0.0313365006117408,0.0370688861022923,0.0351499918718202,-0.0166965676908509,0.0169668493104441,0.0160256863229848,0.0431356235576644,0.0117687253642991,0.0319388189463899,0.0170910456011436,-0.0397777580234873,-0.00376044846285201,0.0151702852226064,0.0166669082334129,0.0100844198276608,0.00445355442527834,0.00999422263557711,-0.00609588397426933,-0.0116119777910005,0.0218028743106361,-0.0320732340633867,-0.433008371798419,0.0161554294014229,-0.0460017695879981,0.00326061205852655,0.0211391678936428,0.0157837700644392,0.00928089739502533,0.0147315283312484,-0.00427766648371772,0.0557127263934507,-0.52167507477726,-0.285356178235128,0.337101690569748,0.0337307371289362
"WORKING.Employed.30..hours.a.week",-0.0264237971207213,0.205585308362212,-0.00487725640572788,-0.0144524085395628,-0.270443707637709,0.046341010184657,-0.338524015186034,-0.0839094295352465,-0.560918936240116,0.0636834342752198,0.246424415832238,-0.0471328956946616,-0.0377638196497362,0.0484938506523724,-0.0957871533381788,0.0118129486981672,-0.0218242305271051,-0.02506175540697,0.0149369162657676,0.0370344532157374,-0.00752360373580253,0.0156337612226253,-0.0164443676420858,-0.00239176880912151,0.0237143465821279,-0.00753490391657849,0.0486486197183934,8.59021760110897e-05,-0.0133205319336875,-0.205479615539975,-0.016043158489608,-0.126889758037975,-0.0796722312231667,-0.0907165048768915,0.0225386984874833,0.00936008629894874,-0.0202000437936934,0.107987465788596,-0.00901331089912816,-0.00201011194748285,-0.0167821963081039,-0.0110234939419864,0.00889260692855971,-0.0230845872633514,-0.00815861448675698,-0.00298043525229302,-0.0199212060506252,0.133750688742525,-0.324311184081858,0.383120663799287,0.0383354422739245
"WORKING.Employed.8.29.hours.per.week",0.0137619054039382,0.0773700011441444,-0.068185312635458,-0.150586483963256,0.124048791358553,-0.0362120589297519,0.175235978672652,0.0454372004711553,0.186955607084352,0.300270087248079,0.0687892942833106,-0.14381142946347,0.089107031481745,0.660645157392233,0.213266082871596,-0.0486118836049201,-0.018851482577459,-0.0710323816870948,-0.122599163864365,0.0689035824464053,-0.0755356540218225,0.0653997451394038,-0.0791329798712418,-0.0367110735702221,0.0108278956910166,0.0559191139376532,0.00442806523034678,0.237746558413642,0.00890817993059842,0.189920405548577,0.00970388884174568,0.126309213999562,0.0131427501761436,-0.0434309033391163,-0.00526609971594963,-0.0149878811807687,0.0058629117106665,0.0869448996206227,-0.00679501532016979,0.0136032118170513,0.00707694579570953,0.0133660308648004,0.00385631710592596,-0.00965228467456644,-0.001347206308002,-0.00111058434430367,-0.00969749861148316,0.0914246048810898,-0.204306607677342,0.241354868391363,0.024150212972055
"WORKING.Employed.part.time.less.than.8.hours.per.week",0.00604544229357227,0.0204495665676613,-0.0105462962379739,-0.0155127906734045,0.0362067340197534,0.0362065697956481,0.0366715568763178,-0.0274698022599551,0.0486611732111598,0.0147323747262579,0.0364967255557989,-0.0478439668711586,-0.0095698756392611,-0.0634238977285462,0.0223840858274722,0.050760428215612,-0.0132466388317525,-0.144422185638252,-0.0166589094912505,0.217032483389466,0.147112275574536,-0.823416224416321,0.39154787135654,0.0208505083876083,0.123765505873373,0.12330328020028,0.085597599270628,0.0409798527374973,0.00783767471257005,0.071817370189058,0.00152443808538971,0.0434014628415529,-0.00820851581286638,0.0135188841182008,-0.0224322136958558,0.0104496031654584,-0.000298003440560524,0.0282345628512924,0.00435115785357001,-0.00202432311906503,-0.00299616219537747,0.00454660083480674,-0.00368711011500661,0.001577706299468,0.00354445446752533,-0.00109374771544846,-5.48641613076217e-05,0.0300048231482155,-0.0643702982521365,0.0760429877407247,0.00760893849463205
"WORKING.Full.time.housewife...househusband",0.0221057640520639,0.054922593449646,-0.0713904351521225,-0.159614343612155,0.134725279218676,-0.0365275361200069,0.151081121316531,0.105309687348792,0.142925317339891,0.0267195245191571,0.346860433292934,0.0149105438016911,-0.372540582547467,-0.418067994404886,-0.236719915251675,-0.0126147700142234,0.171555651855742,0.132707392042372,0.0938197123353123,-0.068310753328267,-0.0536208107838415,0.136792024214051,0.0498900694637194,-0.091629715685638,0.132677534929459,0.0751043536996688,-0.0667335204206964,0.270290910854298,0.165692195946244,0.21849917692034,-0.0134489843915708,0.216039031298985,0.0265774923211049,0.00322112787447232,0.00399250354604183,-0.0584455926628215,0.0456985217051424,0.0719076957422944,0.00711460371540484,0.0371255326941949,0.000722639137831362,0.0124472040289905,-0.00329465585208821,0.00522697108934173,0.0136864523611638,0.00151334222621916,-0.00907274940422171,0.0748443680165119,-0.165992086806686,0.196092523490509,0.0196212168251951
"WORKING.Full.time.student",-0.0809926704283379,0.109089723738601,0.0371636235181528,0.238345700123566,0.467428154502653,-0.0612318656611765,-0.0676246058858967,0.0177052891214348,0.0981388875370211,-0.236554007010677,-0.25527905153225,-0.0686774757047303,-0.0255434498361993,-0.0474807281924439,-0.119856803325678,-0.0430038566665892,-0.209967962465759,-0.0308270198965936,0.0384417059502401,0.0986946156472306,-0.128583656868411,0.0307245608709976,-0.0639123316054992,-0.0398568111855206,0.0460842161069035,-0.114323161430586,0.158017827508588,-0.15051700917817,0.0187054946521739,-0.0362519527274109,0.203185964270245,0.0282863934813291,0.129987396754615,0.154651651328539,0.0487806343724033,0.0386364341404654,-0.0845836668014273,0.102317726932093,-0.056579187450882,-0.264513784411049,-0.113411227131154,-0.266932414910768,-0.0475772487962907,0.0211952346307069,0.00269608546885117,0.00366779564594541,-0.00268852169476379,0.106635389686519,-0.224971162859387,0.265766663257074,0.0265928819306984
"WORKING.In.unpaid.employment..e.g..voluntary.work.",0.0018648557373967,0.0259599974529231,-0.00111742812476833,0.00899631501422894,-0.000629358047253121,-0.000558180468894079,0.0475461062104729,0.0226317800793111,0.0694497708169719,0.0277454201447576,0.0495845464618223,-0.0598371121521171,0.116985470510152,-0.0823493336103843,-0.102733185951479,0.0679914556630416,-0.128714355416608,-0.0291850244252359,0.338593091162702,-0.0633923426444664,0.186433881926837,-0.229980235620877,-0.528605416864389,0.0555451951669548,-0.523454814670574,0.375013266403305,-0.109838091379317,-0.0060940407160095,0.0366572232745676,0.0235340546344297,0.00590093785112274,0.0291055708131345,-0.00296922655038397,0.0414050240988337,-0.0134714423047429,-0.00185907768795723,0.00372201616873108,0.0246760277567901,-0.000629664643755024,0.010614671914187,0.00165756097516238,-0.00343383510765351,0.0103703964840325,0.000733401865931467,0.000302444375501323,0.000270666948442862,-0.00380802116867259,0.0339492751992272,-0.0627757763955235,0.0741593207500919,0.00742045686467571
"WORKING.Other",0.0150601984274508,0.0437987801500264,0.0189215298136755,-0.0115319160076596,-0.0204427553370343,-0.0603762576387133,0.0415997160071663,0.0291907488169062,0.104344214192471,0.0220845913769209,-0.0140481981754006,0.0148685807088369,0.195999654576259,-0.264874659059418,0.0909526622531736,0.154258261747169,-0.33234953732983,-0.248430004385115,-0.56325551846562,-0.446713066910362,0.151772045460922,0.0850580742449185,0.0860807966418332,0.0648488842045248,0.0321459046983486,0.177839041894062,-0.14564646617617,-0.0342422000058796,0.0147329419447199,-0.04418934776258,-0.0439346415894794,0.000501916363225829,0.00551078186754833,0.0379491307585143,-0.0208548264340662,-0.00882911347107196,0.0396665763860847,0.04631217150862,0.0128907916834755,0.0330407985586418,0.0109334358968947,0.0140386554721659,0.000198265843354584,0.00406757370146686,0.0060994803422497,-0.00171627935597691,-0.00901488943553216,0.056288380591349,-0.125060732060073,0.147738817018368,0.0147828959035023
"WORKING.Part.time.student",-0.0119372112763241,0.0216311165837659,0.0030073255212332,0.0700086887315914,0.0276933179747882,-0.0140404093396212,0.0238710847283427,0.0361958648362298,0.0435617842122188,0.0900589577289911,0.0579169175656869,-0.0115653357145178,-0.038047186200925,-0.0105677124259662,-0.0249870994575289,-0.0311570263696846,0.0559757602228093,0.0561738007730585,-0.0678383789198309,0.0886249070483257,0.269976708126671,0.154589125089168,0.473986689758841,0.127905841740756,-0.702526071017958,-0.326450047937026,-0.0183244532695332,0.0624042143921875,-0.000731087939792929,0.00378276697974987,0.023923746423961,0.000349539334109958,0.0247090977442348,0.0364924143687078,0.0136321347926895,0.00328855308617441,-0.0154089107674882,0.0232481588891292,-0.0066058999903871,-0.0399278112865958,-0.0169836515658666,-0.0438510567466453,0.0022867095229816,0.00805497103322983,4.38003384793523e-05,-0.00719068507378763,0.00291918782104645,0.0263631269559404,-0.0495235948527096,0.05850403398024,0.00585397298908448
"WORKING.Prefer.not.to.state",-0.00306575884155048,0.0219668161844062,-0.00897936848001214,0.0519312010936685,0.00741075690290076,-0.0228122027204994,0.00111262402026693,0.0259493781264509,0.0493769550253753,0.0644395604255164,0.0420021308602677,0.105647689203195,0.0646312164104978,-0.0230987369412913,-0.0360099657163668,0.00650023692882835,0.146668333835425,0.35333759338414,-0.297149478724085,-0.0694875331017055,-0.0494892940722596,-0.366687238919206,-0.373864159342687,0.125239724514119,0.0284083454739694,-0.545607026291742,-0.3576684148221,0.0216631563141014,0.0189480278539057,-0.0213824577055037,-0.00779541162515996,-0.0166859138333712,-0.00627617919644452,0.0291779708760335,0.0200875781033906,-0.0158354718937057,-0.00560996685276446,0.0183683449242658,0.00099990790275712,-0.0115836127597629,-0.00406218995051148,-0.0252290506921883,-0.00602947229831666,0.00115699169316702,-0.00311607124542787,0.002437497195761,-0.00609546612905885,0.0285557319628597,-0.0515689975414166,0.0609203429892955,0.00609575131973899
"WORKING.Retired.from.full.time.employment..30..hours.per.week.",0.0969441159833353,0.0598518074731354,0.0261278877197069,-0.0705451817977933,-0.261159759965593,0.0615710730776949,0.111744392347351,-0.0511260800254405,0.271191641779748,-0.15854985673836,-0.379857457216226,0.29523396000895,-0.204509003153514,0.11016471555429,-0.336975225133423,-0.0531449606434417,-0.0477914900119119,-0.0948840244092662,-0.0111941456392515,0.15715491744642,0.152686416557296,0.045423410766758,-0.0568409373549916,-0.0143722362355196,0.0241301247489192,-0.0939390335095683,0.044012471018757,-0.166274605732989,-0.113038377149348,0.0259459944011684,-0.139609753107474,-0.0466147204113335,-0.000548825652410638,-0.0479162562565604,-0.0627413804926116,-0.0336731329394987,0.0819221892358822,0.0534212759465095,0.04636377660631,0.272663981531369,0.120351779968095,0.238583409782121,0.0127033007277108,-0.00182124735785688,-0.0228481739330721,0.00856723977540058,-0.00573014649624144,0.0764330032077498,-0.185923356444118,0.219638061321631,0.0219772072261882
"WORKING.Retired.from.self.employment",0.0321065701498265,0.0170357993099967,0.0145239847663682,0.00390509660182859,-0.0822237569562304,0.0502955825996202,0.032284689320109,-0.029490045882143,0.0804388594261454,0.0287269087501773,-0.0335357536412726,0.0762284364589746,0.0055125810846373,-0.0232798618066806,0.0421583123470021,-0.0259310378305321,-0.0929307828011547,-0.00282866297714057,0.160049663268523,-0.264549322212796,-0.815046139747453,-0.145031013040891,0.22717540177032,0.0399433675339955,-0.25634007867828,0.00572587805912741,-0.082706548237113,-0.126004913812142,-0.0331448510412109,0.0222947505914099,-0.0249083515526263,-0.0446883297798794,-0.0132690136545235,-0.0224761702050781,-0.0195657641807442,-0.0168846262905727,0.0219330400539083,0.0175105111235067,0.00649602565616975,0.0972692395274017,0.042468597366371,0.10055217373354,0.0105544677251046,0.0039462666851711,-0.0149763997150671,0.00385265547235161,-0.00395718526448623,0.0248678023900855,-0.0643702982521338,0.0760429877407214,0.00760893849463101
"WORKING.Self.employed",0.0102122627629781,0.050860309075832,0.0458648250717513,-0.0468700324446714,-0.0713831611206595,0.091182319751175,0.0448395700733168,0.00124873864092537,0.112042644599755,-0.0225581265794533,-0.156478842366835,-0.0544996174111737,0.0936595060135886,-0.233430278941417,0.543024736096005,-0.191269791424275,-0.129942334206006,0.58815194437887,0.112810724966523,0.150380033472112,0.110442099080913,0.0730826536768566,0.083485448610276,-0.0156169005177333,0.0672574911084362,0.159066683589454,-0.0241884058133786,-0.0582097358017832,-0.0517861869047552,-0.0407399547077024,-0.0504987115309082,-0.0965770522551305,-0.0740550860392209,-0.0365558820957633,-0.00327836777616413,0.00537476022817756,0.0208184979244863,0.0470273418547565,0.00988722154100498,0.0459518346876491,0.0103587435823807,0.0515216934683197,-0.00388396363042356,0.000871025272873344,-0.00834816689856235,0.00423052103355764,-0.0104676684402787,0.0712669613124969,-0.143561234345762,0.169594137044964,0.0169697613963447
"WORKING.Temporarily.unemployed",-0.00176595584117183,0.0578237370518602,0.0290457255549968,0.0542654357739883,-0.00207214569455867,-0.0428887552676254,0.055239226999831,-0.00314691584003932,0.0937524636901972,-0.0208191726729239,-0.0991347990972932,0.0651557828757452,0.124768689750935,-0.14062509206446,0.377101744498265,0.244111149585813,0.661971054904177,-0.33963578523304,0.213645802606107,-0.146489457608705,0.0568427746332224,0.0408860584081214,-0.054199060699701,0.0399940547260542,0.0361067730519976,-0.11048258851703,0.0684332780974603,-0.0934507738609937,-0.0599042201056285,-0.0357597936372533,-0.0286219274081022,-0.0461386153571418,-0.0185092983260514,0.061566641216692,0.0141947452662818,0.0181721137065273,0.0153819979845259,0.0473490451506426,-0.00550813666659544,-0.00912147372733635,0.011466203834129,-0.026564044596425,0.00245447592891124,0.000133046072660117,0.00980122627468922,-0.00428970439454823,-0.00688809098408799,0.0734059594523031,-0.14265032346617,0.168518044705321,0.0168620865052056
"REGION.",-0.00731628915245178,-0.37647658864993,0.0033609545401673,0.0342519371905419,-0.0198106762741467,0.0258473021214285,0.0109927573975502,0.132984289266284,-0.0535230673493934,-0.00783747161713908,-0.0540918931726897,-0.0538497468906838,-0.134289378477166,0.102556697471702,0.0015191691541805,0.547257926692125,-0.0859397161397206,0.190771147561159,0.0442994261088439,-0.0432588705536221,0.0130007594981037,-0.00151803803118142,0.0369110255200336,-0.0720046223880444,0.00471501638715371,-0.0185494283746274,0.0492578079154268,-0.0125725229559725,-0.037922651646342,-0.0108193044553461,0.0124765605289011,-0.0244422272424971,-0.0342150547939605,0.00988699033663924,0.0394221498900342,-0.0413152259523926,0.0571965461909098,0.585945093488503,-0.0345764802235049,0.0573382945077383,0.0129962243224037,-0.0222863636243926,-0.00650145435971941,0.00860149313691556,-0.00304386128695411,-0.00930971789339097,0.0130809865736727,-0.128140047525581,-0.105382792131141,-0.110519441468768,0.213000377613837
"REGION.Centre",-9.89133777554742e-05,-0.261230653657148,-0.00305678415095412,0.0273335432666088,0.00538876495825545,0.0097537794312725,0.0452842683441805,0.0885201383849169,-0.0391436449773171,-0.103708821215576,0.0801082946661464,0.0241394174646455,0.397135829029005,-0.0380200281640581,-0.162677391484309,-0.603423661488274,0.196950317360808,-0.121789238576356,-0.0316766959942146,0.0053388373769957,0.00906485824055072,0.00210421793868078,0.051525554768336,-0.124074279840454,0.0111699082108393,0.0682908152778329,-0.12075726036109,-0.0496587073233354,0.015703574496237,0.0102346178579411,-0.00582235728483938,-0.0328047602850276,-0.0200182356147957,-0.00528468868680102,0.0554009818859364,-0.0356207000104607,0.0415053362160943,0.43402154317256,-0.0159677750720584,0.0339589962077772,0.000270935364779217,-0.0240130684949408,-0.00462575529234574,0.00373164618107486,0.00224530730339819,0.00305926402219862,-0.00710111866926195,0.0689881795669256,-0.0935766005784854,-0.0981377834211332,0.189137627272518
"REGION.Midlands",0.0140591742367287,0.19076728809979,0.00896387997603276,-0.079869412163544,-0.0406767991449321,0.152242841504672,-0.0877417598789324,0.748303362963094,-0.0407507104519783,-0.0756246703336713,-0.0432127248830887,0.0515583752549405,-0.0353792853240693,0.0424810826494674,0.0633676964541864,-0.025458596775847,-0.0583919685180111,-0.0663702352198199,0.0588835836129736,-0.0434549023963029,0.0170583936678932,-0.0373510647703706,0.00468362846955781,0.0121241024750007,0.0134987881204576,-0.0558806764778085,-0.0055136219623196,0.00376531777610249,0.0177358645279468,-0.00421027348595657,0.00380132871247839,0.00785395778247296,0.00457467240554359,-0.00220000469345603,-0.0404046573167965,0.0218177619390389,-0.0180795519935879,-0.25502691138258,0.0109331745928809,-0.0318074002613432,-0.00515234145404436,0.013542880430037,0.000587658606473612,-9.66425876610284e-05,0.00193723305292329,0.00539897024682684,0.00245815562765685,-0.00099452083731875,-0.203909330350866,-0.213848436209629,0.412142850700638
"REGION.North",-0.00471767497347616,0.0560259044908629,-0.0160161147470346,-0.0116267867378921,-0.122126308416203,-0.739751235925717,-0.052660389282218,-0.290741487487116,0.0958041502288828,0.0550481685690015,0.00206019750955081,-0.0381370524155287,-0.0425469681557937,-0.0154475468417589,0.019219465247559,-0.0314278322139236,-0.0568014381630449,0.0358826242162069,0.0783262827367114,-2.36965256584561e-05,0.00563305929441521,-0.02052121416214,0.0197659533327375,-0.00404174993592324,0.0201551217229978,-0.0249422211146678,0.00957439075438042,-0.00450325176671035,-0.000642323258748828,-0.0231353803955869,-0.00245711127406889,0.00790557106880503,0.00286379439863981,0.000574812250632807,-0.00459406540264922,0.0091244761084141,-0.00876237108680865,-0.108130040553155,0.0139053405767819,-0.00780019220704056,-0.00644616682984257,0.00264433155296052,0.00539305084938747,-0.00597226897029899,-1.66234760820387e-07,0.00127187482833247,-0.00143496608284546,0.017048622099099,-0.221744252705146,-0.232552682105685,0.448190910534236
"REGION.North.Ireland",-0.000363031428690735,-0.0571760021146564,-0.0171421666732784,-0.0148348466834888,0.013911507005375,-0.000453987990649232,0.0262721146649944,0.0192253375719561,-0.00735853264588209,-0.00660162793872807,0.0379622066787882,0.0401857704992552,0.0557692990404316,-0.0305521872157928,-0.0371391861690261,-0.00356447464157604,-0.0325552772173087,-0.0406208169680037,0.0496007287942096,0.188474871810911,-0.0731630433105001,0.108959180057333,-0.00699369296766776,0.937462663022601,0.141325009936619,0.0822268059009019,0.02415525091938,0.0241259968099702,0.0621849781653505,0.0395557798568543,0.0173256563119347,0.0242018788082812,-0.00501178197994218,0.00274898530981791,0.0252936920599361,-0.0208778931831223,0.0188767935338342,0.102331155677799,-0.00233827970931169,0.0124306259566247,0.00312429802085725,0.00283427073915139,0.00153857778838319,0.00207700818821646,-0.00504837377937945,-0.00221955967990257,-0.00173892397836153,0.0172502012511636,-0.0216606252890937,-0.0227164241941497,0.0437805952245729
"REGION.Northern.Ireland",-0.0052531233906985,0.035988824386823,-0.0026199283114557,0.0181287186485676,-0.00803428813821213,0.00902655626318585,-0.0249270108725116,0.0138977132582445,-0.0264052442404126,-0.0132073414007487,-0.0876125699749789,0.0375675973093743,0.090515930910045,-0.141580353926704,-0.0742673108405053,0.179651327903644,0.3192074083821,0.104593761122614,-0.520861444827293,0.464434502395286,-0.282861474865272,0.0456121902467557,-0.11194654019106,-0.0852871596573478,-0.224708970464906,0.337502875983441,0.154338895426621,0.02987576406291,0.00313964977500689,-6.76335194985584e-05,0.00988243682691613,-0.000296515151731753,0.0116017871249593,0.0026201239426744,-0.0123783537335777,0.0268041255550049,0.00355921912622022,-0.0836127455164217,0.00775203676488932,-0.00874505218562732,0.00741464174023937,0.0105014485230651,0.0075937349385995,-0.00125107368035119,-0.000506145041423722,-0.00269797975795464,0.00204150588641819,-0.00303691942337385,-0.0597017523709512,-0.0626117812340126,0.12066956608434
"REGION.South",-0.00331501326775311,0.0548089936276922,0.0100670414937912,0.0550372959729023,0.171240292532055,0.594023772580712,0.115698676819614,-0.514867795236385,-0.008739781970617,0.0676722538994483,0.0505696979697967,-0.00808736248049544,-0.0598240908786038,-0.0155504635063742,0.014377151301864,0.00141403720463203,-0.0148631981204629,-0.0391717164126744,-0.00487644437119704,-0.0870785919835335,0.0531483407422669,0.0324917949451874,-0.0332664193294497,0.011104695205764,0.007333393918311,-0.0435321825028881,-0.0213361442481816,0.0179664308945573,-0.0114426710645154,0.0245230951495191,-0.00906318926515196,0.00822847296421962,0.0153408618734921,-0.00203912534918819,0.000507559537665882,0.000308974696771057,-0.0226090751461598,-0.108857336790268,-0.00270664417539233,-0.00346715632216018,0.00265014438772431,0.0025795520710563,-0.00315575088847281,0.000544474914273356,-0.000667458320552015,-0.00220856120092583,-0.00452469705564032,0.0151154490646839,-0.216870437061507,-0.227441303180688,0.438339922991385
"MUSIC.I.like.music.but.it.does.not.feature.heavily.in.my.life",0.156001737793853,0.0202265913602997,-0.171028907129299,0.0678639089848364,-0.0119686151212217,-0.0708545622383324,0.303770746636192,0.00687796596874693,-0.309373337779481,-0.221685937506836,-0.208525379117917,-0.276447953159142,-0.24767396274505,-0.00988401021893925,0.0740871342382058,-0.080915360880665,0.0612968101817541,-0.0640173932473327,-0.0832005370077808,-0.0490326701043943,-0.00412503822678014,-0.0227414609336355,-0.0241676846560063,0.0547744898023689,-0.0495970194853349,0.041109082965009,-0.20893098339392,0.0641983176097866,-0.129763076414242,0.170134791629709,0.101979696202679,-0.0894024812220923,-0.0210032301952348,-0.109572861459452,-0.0231312294857901,0.222103863452491,-0.187822506439485,0.0275962713061504,0.0335827236290691,0.105906782339289,-0.0661331878850321,-0.0159459492688189,0.00457797522037702,-0.00894845850657488,-0.0279666780662946,-0.0384493803152638,-0.00220613206159949,-0.0122987651934366,-0.325588001518711,-0.246683936902762,-0.289082790838434
"MUSIC.Music.has.no.particular.interest.for.me",0.0794929215472954,0.0242111530524858,0.0318774347798535,0.21100064740834,0.0443001151336001,-0.0277569179444974,-0.056836752469311,0.0436469014432228,0.029838929906133,0.16136311137988,0.138507734471322,0.33579540156083,0.0176461070616275,0.0777090845345741,-0.0825033256827755,-0.0988341143211362,0.109690717819423,0.274641382995603,-0.0665707338833873,-0.35571155715715,0.0975105733039231,-0.0776481977487744,-0.016564187057251,0.0837475593195685,0.00218607542436398,0.123363255703798,0.503560561351474,-0.0663597964662534,-0.214527557234,0.181192428773149,0.0847367773006387,-0.0401880750334404,0.139051028467849,-0.142448745009231,-0.121634278714891,0.184670180252347,-0.189696963370691,0.0405070961971984,0.0215039119847229,-0.00174824577468059,-0.0164943896846163,0.00609125055777779,0.021755305829972,-0.024788877878969,-0.00734708497341017,-0.0136015660866448,-0.00224506238590337,-0.00965696609396848,-0.10778659510791,-0.0816652379772507,-0.0957014680621635
"MUSIC.Music.is.important.to.me.but.not.necessarily.more.important",-0.00936156622086235,-0.148853100644838,-0.0725914291759083,-0.247677523347574,0.126003071048008,0.0720928589121731,-0.624790315465532,-0.043683029046679,0.240464473085287,0.204706840326073,-0.12429115055765,0.0636471812936515,-0.135895790874408,-0.0472141806718827,0.0704883231570288,-0.0936554628727843,0.0287793044352843,-0.0942174863754035,-0.0171605011864779,0.0144412918776831,0.00589450526875829,-0.0106467421139363,-0.028195726219143,0.00755071529483932,-0.0394385066354876,0.0245078198220967,-0.0646263829747981,0.0191733203134559,0.0811333414981708,-0.0531950478801424,0.0301470975834116,0.0129327959342645,-0.0685993484789502,0.032435627016942,0.0524970029129,-0.0122523439187894,0.0447214279032503,0.0426760358185022,-0.0178456421426459,0.019848063759102,0.0178650446966429,-0.00730345307968029,-0.00662069453505867,0.012640309554571,0.0116754731420383,-0.00651242469668031,0.00732087020657367,-0.0737301114431438,-0.354149261152643,-0.26832356716105,-0.31444173713352
"MUSIC.Music.is.important.to.me.but.not.necessarily.more.important.than.other.hobbies.or.interests",-0.00123132502940988,0.190201824989759,-0.0101690338047609,-0.0867034279886436,0.0305574723085854,0.0235076691288033,-0.0212647055969405,-0.0448895218702206,0.107981466638644,-0.230215077059388,-0.00190086948710467,-0.067170291744702,0.470516644653273,0.183898098811443,-0.354870666229614,0.305652448091553,0.1318078845586,0.286041335398381,0.15101784182448,-0.106263637941081,0.0507006947337665,0.0628536902878693,0.251671815431778,-0.00764726603831419,0.112829648301589,0.104345238340266,-0.173896306999284,0.0434819198943393,0.047665856916684,-0.0497761436631813,0.0450529110350341,-0.0137228117521566,-0.0410948921236753,0.0131849807307675,0.0517549619284564,-0.0172158765293759,0.00635868873303004,-0.133024406368224,0.00356052846217966,-0.00390315321248007,-0.00283985711658769,0.0151111575988415,0.00268161575345233,-0.00827593229557002,0.00364936688549527,0.0151335569636564,-0.0160452465021827,0.163321420267471,-0.197875528634406,-0.149921723750761,-0.175689551793809
"MUSIC.Music.is.no.longer.as.important.as.it.used.to.be.to.me",0.0749271156196587,0.00276028174098176,-0.0163041550589232,0.0746908411235553,-0.0228332763884469,-0.00129018725033047,0.0263782497563367,0.00685444478796931,0.0599323939023907,0.0420859308999228,0.307973845022608,0.299551869937146,0.298785100182107,-0.194695795046856,0.101235666238732,0.189202657729628,-0.299138743127714,-0.203669803319462,0.136865337618422,0.390373666492544,-0.067208368120216,0.110462638291517,-0.0491041498304256,-0.143524469150008,0.0529383007867081,-0.213506694693107,-0.114983938203388,0.0518703727286474,-0.233077869654409,0.22011591039925,0.00784786263924191,-0.0349209967609179,0.0843213227482277,-0.135655062410609,-0.0477287100119965,0.151512746303318,-0.116843864583969,0.0320576427417153,0.0357012248529995,0.0427153540348463,-0.0366322910377296,-0.0132402033393567,0.0111429446272201,-0.00858029994273361,-0.014269017420835,-0.0319713505254162,0.00114797779206715,-0.00308521174117596,-0.134045337328202,-0.101560350447002,-0.119016057204088
"MUSIC.Music.means.a.lot.to.me.and.is.a.passion.of.mine",-0.187644752547921,0.0157158781314083,0.234124072501883,0.142548188285654,-0.138180242692179,-0.0112539923880575,0.368087325531967,0.0469933222376882,-0.0485856221672302,0.0632688113035359,0.159802965113411,0.0125707493716305,-0.0179235401692747,0.00362525762059063,0.0469004897729319,-0.0446755542426488,-0.0796694381711457,-0.0133709336901347,-0.0224762447417362,0.050983332637936,-0.0349904497360029,-0.0219430601040091,-0.0671920524267678,-0.0250293158745838,0.00130327694155125,-0.078052133740226,0.246388744629238,-0.102867987990118,0.166570917792111,-0.215845831660022,-0.179480421051131,0.10332299694123,0.0369724830778793,0.157073390299971,-0.00511026511822198,-0.298609769340702,0.228455074590725,-0.0183518562760217,-0.0354002655757073,-0.131877295914214,0.0639933648998341,0.016832064673937,-0.0100171083951998,0.0111045331271662,0.0198152812754788,0.0501053873553474,0.00395743703179341,-0.00212898495429723,-0.350903258062039,-0.265864211110295,-0.311559678740322
